ロンドン橋が落ちる,ロンドン橋が倒れている,ろんどんばしおちる,ロンドン橋落ちる
落ちる、落ちる,落ちる、落ちる,おちるおちる,落ちる落ちる
ロンドン橋が落ちる,ロンドン橋が倒れている,ろんどんばしおちる,ロンドン橋落ちる
マイ・フェア・レディ,愛しの女性,さぁどうしよ,さぁどうしよ

あなたは幸せ、それを知っている場合は、手をたたく,あなたが幸せで、あなたがそれを知っているなら、あなたの手を拍手する,しあわせならてをたたこう,幸せなら手を叩こう
あなたは幸せ、それを知っている場合は、手をたたく,あなたが幸せで、あなたがそれを知っているなら、あなたの手を拍手する,しあわせならてをたたこう,幸せなら手を叩こう
場合は満足している、あなたはそれを知っているし、あなたの顔確かにそれが表示されます。,あなたが幸せで、あなたがそれを知っているなら、あなたの顔は確かにそれを示すでしょう,しあわせならたいどでしめそうよ,幸せなら態度で示そうよ
あなたは幸せ、それを知っている場合は、手をたたく,あなたが幸せで、あなたがそれを知っているなら、あなたの手を拍手する,ほらみんなでてをたたこう,ほらみんなで手を叩こう

これは、瞬間です。,これは瞬間です,やみをぬけ,闇を抜け
これは、日です。,これは今日のことですが、,いまこそ,今こそ
すべての私の疑問や悪魔を送信するとき,すべての疑いと悪魔を送るとき,ひかりめざしあるき,光目指し歩き
彼らの方法で,その途中で,だそう,だそう
あらゆる努力,すべての努力、,これまでの,これまでの
今まで作った,私は今までに作った,まいにちが,毎日が
遊びに来ています。,遊びに来ている、,むだではない,無駄ではない
今日、今ここでは、します。,今日はここに今ありますか？,まよいはない,迷いはない
これは、現時点では、します。,これは瞬間です。,こんやこそ,今夜こそ
これは、時間です。,これは時間ですが、,いまこそ,今こそ
時の勢いと瞬間,勢いと瞬間,うんめいがうごき,運命が動き
韻は、します。,韻を踏む,だすとき,出すとき
私はこの瞬間を与える,私にこの瞬間を与えてください,つみあげた,積み上げた
この貴重な機会,この貴重な機会,すべてが,全てが
私は私の過去を収集します,私は過去を集めます,むくわれるいま,報われる今
最後にいくつかの意味を見つけ,そして最後にいくらか意味をなさない,ひとつになる,ひとつになる
これは、現時点では、します。,これは瞬間ですが、,ときがきた,時が来た
ときに私がやったすべて,私がやったすべて,いまこそ,今こそ
すべての夢,すべての夢を見て、,にどとない,二度とない
腹黒いと叫んで、,スキミングと叫び、,はてしない,果てしない
なる,1,つ,1つになる,ときが,時が
これは、日です。,これは今日の日です,いまこそ,今こそ
輝きと輝き、それを見る,それが輝きと輝きを見て、,みはてぬゆめ,見果てぬ夢
ときにすべての私の住んでいます。,私がすべてのために住んでいたとき,てにいれる,手に入れる
私のものになります。,私のものになる,ときが,時が
これらすべての年のため,これらすべての年の間、,このゆめ,この夢
一人で、世界を直面しています。,私は一人で世界に直面しましたが、,このいのちが,この命が
今時間が来ていると,そして今、時が来た,いきるいみを,生きる意味を
それらに証明するために,それを証明する,いつけた,見つけた
私は自分でそれを作った,私は自分で作った,いきるいみを,生きる意味を
これは、瞬間です。,これは瞬間です,いまときが,今時が
私の最終のテスト,私の最終テスト,いまこそ,今こそ
運命の手招き、,運命は誘惑された、,さいごだぞ,最後だぞ
私は決して侮れない、,私は決して考えなかった、,うんめいの,運命の
次善の策,セカンドベスト,しれん,しれん
私はうつむかない,私は見下ろすつもりはないが、,ゆくては,行く手は
私が該当する必要があります。,私は落ちてはいけません,とおくとも,遠くとも
これは、現時点では、します。,これは瞬間ですが、,ときがきた,時が来た
すべてのそれらの甘い瞬間,それらのすべての最も甘い瞬間,まちわびたときが,待ちわびた時が
これは、瞬間です。,これは瞬間です,ときがきた,時が来た
すべて気のオッズ,すべてのオッズ,のがすな,逃すな
この日、または決して、,この日、または決して、,ふりかえる,振り返る
永遠に座っているよ,私は永遠に座るよ,ことはもはや,ことは最早
神々,と,神と,ない,ない
振り返ってみると、,私が振り返ると、,このひを,この日を
私は常にリコールは、,私はいつも思い出すでしょう、,わすれないぞ,忘れないぞ
瞬間、瞬間のため,瞬間、,このときに,この時に
これは、瞬間だった,これは瞬間でしたが、,すべてかけ,全て賭け
最高の瞬間,最大の瞬間,すばらしい,素晴らしい
それらすべての,それらのすべて,ときへ,時へ

話すことができない悲しみがあります,話せない悲しみがあります。,ことばにならない,言葉にならない
痛みは延々とがあります,痛みが続いています。,いたみとかなしみ,痛みと悲しみ
空のテーブル空の椅子,空のテーブルで空の椅子,からのいすとてーぶる,空の椅子とテーブル
今、私の友人は死んでいっています,今、私の友人は死んでしまった。,ともはもういない,友はもういない
ここで、彼らは革命の話,ここで彼らは革命について語った。,じゆうをゆめみて,自由を夢見て
ここで炎の点灯は彼らだった,ここで彼らは炎を照らした。,ほのおともえて,炎と燃えて
ここで彼らが歌った「明日」の,彼らはここで,`明日,'について歌いました,ともにうたったが,共に歌ったが
そして明日は来なかった,明日は決して来なかった。,そのひはこない,その日は来ない
隅の席から,コーナーのテーブルから,あたらしいせかいを,新しい世界を
生まれ変わる、世界を見ることができます,彼らは生まれ変わった世界を見ることができた,まぶたにえがいて,まぶたに描いて
鳴っている声とバラ,そして彼らは声で鳴り響く,こえもたからかに,声も高らかに
私は今それらを聞くことができます,私は今それらを聞くことができます！,うたった,歌った
彼らが歌っていた非常に言葉,彼らが歌った言葉,うたのちかいそのまま,歌の誓いそのまま
彼らの最後の聖体拝領になった,彼らとの最後の交わり,わかれをつげた,別れを告げた
明け方の孤独なバリケード,夜明けの孤独なバリケードで。,とりでのさびしいよあけ,砦の寂しい夜明け
ああ私の友人、私の友人私を許してください,ああ私の友人、私の友人は私を許して,ああともよゆるせ,ああ友よ許せ
私が住んでいる、あなたがなくなっています,私が生きているとあなたはなくなってしまった。,ぼくはいきている,僕は生きている
話すことができない悲しみがあります,話せない悲しみがあります。,ことばにならない,言葉にならない
痛みは延々とがあります,痛みが続いています。,いたみとかなしみ,痛みと悲しみ
ファントム、ウィンドウに直面しています,ファントムは窓に面しています。,まどにうつるかげ,窓に映る影
床にファントムの影,フロア上の幻影の影。,ゆかにもすがたが,床にも姿が
空のテーブル空の椅子,空のテーブルで空の椅子,からのいすとてーぶる,空の椅子とテーブル
私の友人が交わるないより,私の友人はもう会うことはありません。,ともはもういない,友はもういない
ああ私の友人、私の友人、私に聞かないでください,ああ私の友人、私の友人、私に尋ねないでください,ああともよきくな,ああ友よ聞くな
どのようなあなたの犠牲は,あなたの犠牲は何のためだったのですか？,ちりはてたいみを,散り果てた意味を
空のテーブル空の椅子,空のテーブルで空の椅子,からのいすとてーぶる,空の椅子とテーブル
以上を歌う私の友人がないです,私の友人がもう歌わない場所,うたごえもない,歌声もない

雪は今夜山の上に白を点灯します,今夜は雪が白く白く輝く,ふりはじめたゆきは,降る始めた雪は
見られるようにないフット,プリント,見られる足跡ではありません,あしあとけして,足跡消して
分離の王国,孤独の王国,まっしろなせかいに,真っ白な世界に
私は女王のように見えます,そして私は女王様のように見えます,ひとりのわたし,一人の私
内部この渦巻く嵐のような風が鳴いています。,この渦巻く嵐のように、風が吹き荒れている,かぜがこころにささやくの,風が心にささやくの
それを保つことができなかった、天は、私が試した知っています。,それを保持することができませんでした、天国は私が試したことを知っている,このままじゃだめなんだと,このままじゃダメなんだと
させてはいけない、見てはいけない,それらを聞かせてはいけません。,とまどいきずつき,戸惑い傷つき
あなたは常にする必要があります良い女の子,あなたは常にあなたがしなければならない良い女の子になりなさい,だれにもうちあけずに,誰にも打ち明けずに
隠す、感じることはありません、知っているさせてはいけない,隠す、感じない、知らせてはいけない,なやんでたそれも,悩んでたそれも
さて、彼らは知っています。,さて、彼らは今知っている,もうやめよう,もうやめよう
それは行く、行かせて,それを行こう、それを放す,ありのままの,ありのままの
戻って、もうそれを保持できません。,もう戻れない,すがたをみせるのよ,姿を見せるのよ
それは行く、行かせて,それを行こう、それを放す,ありのままの,ありのままの
そっぽを向くし、ドアをバタンと閉める,離れてドアを叩く,じぶんになるの,自分になるの
彼らが言うつもり気にしません。,私は彼らが何を言おうとしているのか気にしない,なにもこわくない,何も怖くない
嵐の怒りを聞かせてください。,嵐が激怒する,かぜよふけ,風よ吹け
寒さは決してとにかく私を気,とにかく寒さは決して邪魔されなかった,すこしもさむくないわ,少しも寒くないわ
それはどのようにいくつかの距離は、小さいように見えるすべておかしい,ある距離によってすべてが小さく見えることは面白い,なやんでたことがうそみたいね,悩んでたことが嘘みたいね
一度私に制御されて不安が私に全然得ることができないと,かつて私をコントロールしていた恐怖は、私にはまったく届きません,だってもうじゆうよなんでもできる,だってもう自由よ何でもできる
それ以外に何ができるかを参照してください。,私は何ができるか見る時間です,どこまでやれるか,どこまでやれるか
限界をテストし、突破,限界をテストして突破するには,じぶんをためしたいの,自分を試したいの
私の権利は、ない、ない規則します。,いいえ、間違っていない、私のためのルールがない,そうよかわるのよ,そうよ変わるのよ
私は無料です。,私は自由だ,わたし,私
それは行く、行かせて,それを行こう、それを放す,ありのままで,ありのままで
私は風と空,私は風と空の者です,そらへかぜにのって,空へ風に乗って
それは行く、行かせて,それを行こう、それを放す,ありのままで,ありのままで
私が泣くと表示されません。,あなたは私が泣くのを見ることはありません,とびだしてみるの,飛び出してみるの
私はここに立って、私はここに滞在,私はここに立ってここにいる,にどとなみだは,二度と涙は
嵐の怒りを聞かせてください。,嵐が激怒する,ながさないわ,流さないわ
地面に空気を通って私の電源の小雨,私の力は大気中を地面に飛び散る,つめたくだいちをつつみこみ,冷たく大地を包み込み
私の魂は冷凍フラクタルすべての周りに螺旋状に,私の魂は凍ったフラクタルで渦巻いています,たかくまいあがるおもいえがいて,高く舞い上がる思い描いて
氷の爆発のような結晶する,1,つの考えと,そして1つの考えは氷のような爆風のように結晶化する,はなさくこおりのけっしょうのように,花咲く氷の結晶のように
ありませんよ、過去は過去,私は戻ってこない、過去は過去,かがやいていたいもうきめたの,輝いていたいもう決めたの
それは行く、それを手放すと,それを行かせて、それを放す,これでいいの,これでいいの
夜明けのような上昇するよ,私は夜明けのように上がるでしょう,じぶんをすきになって,自分を好きになって
それは行く、行かせて,それを行こう、それを放す,これでいいの,これでいいの
その完璧な女の子が消えています。,その完璧な少女はなくなった,じぶんしんじて,自分信じて
ここで、私は日の光の中で立ってください。,ここで私は日の光の中に立つ,ひかりあびながら,光浴びながら
嵐の怒りを聞かせてください。,嵐が激怒する,あるきだそう,歩き出そう
寒さは決してとにかく私を気,とにかく寒さは決して邪魔されなかった,すこしもさむくないわ,少しも寒くないわ

バラに滴る雨滴子猫のヒゲ,子猫のバラとひげの雨滴,ばらのはなびらにころがるしずく,バラの花びらに転がる滴
明るい銅のケトル、暖かいウールのミトン,明るい銅のケトルと暖かいウールのミトン,ちっちゃなこねこのぴんとしたおひげ,ちっちゃな子猫のぴんとしたおヒゲ
文字列で結ばれた茶色い紙の包み,茶色の紙パッケージが紐で結ばれている,あたたかいてぶくろにちゃいろのつつみ,温かい手袋に茶色の包み
これらは、私のお気に入りの一部,これらは私の好きなもののいくつかです,それがわたしのすきなもの,それが私の好きなもの
クリーム色のポニー、ぱりぱりのアップルパイ,クリーム色のポニーと鮮明なリンゴスティルデル,おかをはしるみるくいろのこうま,丘を走るミルク色の子馬
ドアベルとそりのベル、シュニッツェルのヌードル添え,玄関付きのドアベルとスレイ鈴とシュニッツェル,できたてのりんごぱいあっぷるすとぅーどる,出来たてのりんごパイアップルストゥードル
月を翼に乗せて飛ぶ雁,月と翼の上を飛ぶ野生のガチョウ,くりーむいっぱいのうぃんなーこーひー,クリームいっぱいのウィンナーコーヒー
これらは、私のお気に入りの一部です。,これらは私の好きなことのいくつかです。,それがわたしのすきなもの,それが私の好きなもの
白いドレスに青いサテンベルトの女の子,青いサテンのサッシを持つ白いドレスの女の子,まつげにおちてきたゆきのかけら,まつげに落ちてきた雪の欠片
私の鼻とまつげにつもる雪,私の鼻とまつげに残る雪片,しろいどれすにさてんのりぼん,白いドレスにサテンのリボン
ばねに溶ける銀の白い冬,バネに溶け込む銀白色の冬,はるにとけてゆくはくぎんのせかい,春に溶けてゆく白銀の世界
これらは、私のお気に入りの一部,これらは私の好きなもののいくつかです,それがわたしのすきなもの,それが私の好きなもの
犬に噛まれたりときに、ハチ刺され,犬が噛む時、蜂が鳴くとき,いぬにかまれてはちにさされて,犬に噛まれてハチに刺されて
私が悲しい時は,私が悲しい時に,なきたくなっても,泣きたくなっても
私のお気に入りたちをただ思い出す,私は単に私のお気に入りのことを覚えています,すきなものおもいだせば,好きなもの思い出せば
そんなに悪く感じないし、,そして、私はそれほど気分が悪くない,いやなきぶんとはぐっばい,嫌な気分とはグッバイ

私の考え、愛情を込めて、私の考え,私のことを考えて、私を愛し、,どうぞおもいでを,どうぞ思い出を
さようならを言った。,私たちはさようならと言った。,このむねに,この胸に
たまには私を覚えています。,私をしばらく覚えている,ふたりはわかれを,２人は別れを
試してみます私に約束してください。,あなたが試してくれることを約束してください。,つげるけれど,告げるけれど
長い場合は、もう一度見つかったら、,あなたがそれを見つけると、もう一度、あなたは長くなる,わすれないでいてね,忘れないでいてね
あなたの心を取り戻すと無料,あなたの心を取り戻して自由になる,すぎしひのあいを,過ぎし日の愛を
現時点では、発見した場合,あなたが今瞬間を見つけたら、,いつかあなたのむねに,いつかあなたの胸に
私のための思考を割く,私のために考えを惜しまない,よみがえる,よみがえる
私たちは私たちの愛は、常緑樹と決して言いませんでした。,私たちの愛はいつも緑色だったとは決して言わなかった。,このよのあいははかなく,この世の愛は儚く
海のように変わらない,または海と変わらない,ゆめかまぼろしか,夢か幻か
しかし、あなたはまだ覚えていることができる場合,しかし、あなたがまだ覚えていれば,いろあせぬうちに,色褪せぬうちに
停止し、私の考え,私を止めて考える,こころふかく,心深く
すべてのことを考える,すべてのことを考えて,なつのひび,夏の日々
共有し、見てきた,我々は共有して見た,とおくにさり,遠くに去り
方法事についてとは思わない,方法のことを考えないでください,いまはもうすぎて,今はもう過ぎて
されている可能性があります。,あったかもしれません,かえらず,帰らず
私の考え、目を覚ます、私の考え,私を考えて、私が目を覚ますと思って、,ひとりすごすよの,一人過ごす夜の
沈黙し、辞任。,沈黙と辞任。,さびしさよ,寂しさよ
私は、あまりにもハードにしようとして想像してみてください。,私を想像して、あまりにも頑張ろう,あなたのおもかげに,あなたの面影に
私の心からあなたを置く。,あなたを私の心から救うために。,こころみだれ,心乱れ
当時を思い出してください。,当時のことを思い出して,よべども,呼べども
それらのすべての回を振り返ってください。,その時代を振り返り、,もうかえらぬ,もう帰らぬ
我々は決してやる物だと思う,私たちが決してしないことを考える,すぎしあいのとき,過ぎし愛のとき
決して日があります。,一日は決してないでしょう。,わすれないでいて,忘れないでいて
私はあなたの考えていないとき,私はあなたのことを考えないだろう,ふたりのひび,２人の日々

あなたは私の腕の中で,あなたは私の腕の中にいる,あなたと,あなたと
すべての世界は穏やか,そして、すべての世界は落ち着いている,ふたりでおどれば,2人で踊れば
2つだけのため音楽,2つしか演奏していない音楽,わすれてしまうなにもかも,忘れてしまう何もかも
とても近く一緒に,だから一緒に,みつめあう,見つめ合う
あなたといるとき,私があなたと一緒にいるとき,ただそれだけで,ただそれだけで
なので生きている感じに近い,だから感動に近い,むねがときめく,胸がときめく
生命はで行く,人生は続く,ときはながれ,時は流れ
ロマンチックな夢を停止します。,ロマンチックな夢が止まる,ゆめはいろあせ,夢は色褪せ
だから、鉱山の別れし、は知らなかった,だから私は私の別れを告げて、決して知らなかった,きえていったどこかへ,消えて行ったどこかへ
あなたとここで待って、閉じるが待っていたので,だから近づいて待っていた、ここであなたと待っていた,いまあなたにむねのなかで,今あなたに胸の中で
今永遠に私は知っています。,そして今、永遠に私は知っている,ゆめとまたであえた,夢とまた出会えた
すべてのことはあなたを保持したいです。,あなたを抱きしめたいものすべて,だきしめたいあいを,抱きしめたい愛を
近いので,とても近い,こめて,込めて
その有名なハッピーエンドに到達に近いので,その有名な幸せな終わりに近づくように,ああもうすこしでてがとどくのに,ああもう少しで手が届くのに
これはほとんど信じていないふりをします。,ほぼこれがふりをしていないと信じている,やっとほんとうのしあわせに,やっと本当の幸せに
今私の横にいるし、どのようにここまで来た,そして今、あなたは私のそばにいて、私たちがどれくらい遠くに来たのか見ています。,ああこのままいつまでも,ああこのままいつまでも
ここまではとても近く、します。,これまでのところ、私たちはとても近いです,ずっといっしょにいたいのに,ずっと一緒にいたいのに
顔のない日を直面するに可能性,どのように私は顔のない日に直面することができる,あなたのいないせかいなんて,あなたのいない世界なんて
場合は、今あなたを失う必要があります?,私は今あなたを失う必要がありますか？,かなしすぎる,悲しすぎる
我々は閉じています。,我々はとても近い,もうあと,もう後
その有名なハッピーエンドに到達するには,その有名な幸せな終わりに到達する,すこしでてがとどくのに,少しで手が届くのに
ほとんど信じてなかったふりをして,そしてこれはほとんどがこれがふりをしていないと信じていた,やっとほんとうのしあわせに,やっと本当の幸せに
我々は知っているの夢を見に行こう,夢を見てみましょう,ふたりでみたうつくしいゆめ,2人で見た美しい夢
近いので,とても近い,どうか,どうか
近いので,とても近い,まだ,まだ
今のところまだ,それでもまだまだ,さめないで,さめないで

あなたは無知な野蛮人だと思う,あなたは私が無知な野蛮人だと思う,なにもしらないっていうけど,何も知らないって言うけど
そして、多くの場所をしてきた,そしてあなたはとても多くの場所にいました,なにもみたこと,何も見たこと
私はそうでなければならないと思います,私はそれがそうでなければならないと思う,ないっていうけど,ないって言うけど
まだお会いできませんが、,しかし、私はまだ見ることができません,なにもかもが,何もかもが
無知な未開人が私の場合,野蛮人が私であれば,わかるというの,分かるというの
できますそんなにわからないということですか。,あなたは知らないほどのことがありますか？,しらないことばかりよ,知らないことばかりよ
知らないですよね,あなたは知らない,そうでしょ,そうでしょ
どんな土地でも自分と思う,あなたはあなたが着陸した土地を所有していると思います,あなたがふむこのだいちを,あなたが踏むこの大地を
地球はちょうど死んだ事を主張できます。,地球はあなたが主張できるただの死んだものです,よくみてごらんなさい,よく見てごらんなさい
私はすべての岩や木や生き物を知っているが、,しかし、私はすべての岩や木やクリーチャーを知っています,いわもきもみんないきて,岩も木もみんな生きて
生活をして、精神には、名前を持つ,人生を持っている、精神を持っている、名前がある,こころもなまえもあるわ,心も名前もあるわ
人は、人だけと思う,あなたは、人である唯一の人,あなたがしらないせかい,あなたが知らない世界
見て、あなたのような人は、します。,あなたのように見え、考える人,しろうとしてないだけ,知ろうとしてないだけ
しかし、見知らぬ人の足跡を歩く場合,しかし、もしあなたが見知らぬ人の足音を歩いているなら,みしらぬこころのとびら,見知らぬ心の扉
あなたが決して知らなかったことをあなたが決して知らなかったことを学びます,あなたは決して知らなかったことを知りません,あけてのぞいてほしいの,開けて覗いて欲しいの
狼が青い満月に向かい遠吠えを聞いた,青いコーンの月にオオカミの叫び声を聞いたことがありますか？,あおいつきにほえるおおかみと,青い月に吠える狼と
または彼が笑った理由をニヤリとボブキャットに尋ねたか。,または、なぜ彼が笑って笑ってボブキャットに尋ねた？,わらうやまねこのうた,笑うヤマネコの歌
山々のすべての声で歌うことができるか。,山の声で歌えますか？,あなたにもうたえるかしら,あなたにも歌えるかしら
風のすべての色を塗ることはできますか。,あなたは風のすべての色でペイントできますか？,かぜのえのぐはなにいろ,風の絵の具は何色
風のすべての色を塗ることはできますか。,あなたは風のすべての色でペイントできますか？,かぜのえのぐはなにいろ,風の絵の具は何色
隠された松の森の小道を走り,森の隠れた松林の道を走りなさい,もりのこみちかけぬけて,森の小道を駆け抜けて
地球の太陽の果実を味わってください。,地球のサンワウィーな果実を味わいましょう,あまいいちごはいかが,甘いイチゴはいかが
あなたの周りのすべての富がおちてくる,あなたの周りのすべての富に巻き込まれる,しぜんがあたえてくれる,自然が与えてくれる
一度、決して不思議何の価値だと,そして、一度は、彼らが何を価値があるのだろう,あいにみをまかせるの,愛に身を任せるの
嵐や川は私の兄弟,嵐と川は私の兄弟です,みんなともだちいつでも,みんな友達いつでも
サギやカワウソがあります私の友人,ヘロンとオッターは私の友人です,とりもかわうそたちも,鳥もカワウソたちも
私達はすべて互いに接続されていると,そして私たちはすべて互いにつながっています,いのちはかかわりをもつ,命は関わりを持つ
フープの終わることのないサークルで,円では、決して終わらないフープで,まるくてえいえんのもの,丸くて永遠のもの
どのように高成長はシカモアは?,イチジクはどれくらい成長するのですか？,あぁあのきのたかさ,あぁあの木の高さ
知っていることは決してないだろうし、ダウン、それをカットする場合,あなたがそれをカットすると、あなたは決して知りません,もしきればわからない,もし切れば分からない
狼が青い満月に向かい遠吠えを聞くことはないです。,そして、あなたはオオカミが青いコーンの月に泣くのを聞くことは決してありません,つきとしゃべるおおかみのこえ,月と喋る狼の声
白または銅の皮の,私たちが白人か銅人かを問わず,あなたにはきこえない,あなたには聞こえない
山々のすべての声で歌う必要があります。,私たちは山のすべての声で歌う必要があります,やまのこえとうたをうたって,山の声と歌を歌って
我々は、風のすべての色でペイントする必要があります。,私たちは風のすべての色でペイントする必要があります,かぜのえのぐでえをかく,風の絵の具で絵を描く
地球を所有しても,あなたは地球を所有することができ、まだ,そしてはじめて,そして初めて
あなた自身が地球まで,あなたが所有するのは地球だけです,こたえがわかる,答えが分かる
風のすべての色でペイントすることができます。,あなたは風のすべての色でペイントすることができます,かぜのいろはなにいろか,風の色は何色か

雪の中を威勢のいい,雪を降りる,はしれそりよ,走れソリよ
馬が一頭ソリします。,1つの馬の開いたsleighで,かぜのように,風のように
フィールドの私達は行く,O'er私たちのフィールド,ゆきのなかを,雪の中を
すべての方法を笑っています。,すべてを笑う,かるくはやく,軽く早く
ボブ尾リングの鐘,ボブテールリングの鐘,わらいごえを,笑い声を
明るい精神を作る,精霊を明るくする,ゆきにまけば,雪に撒けば
笑う、歌う楽しさよ,笑って歌うのは楽しいです,あかるいひかりの,明るい光の
今夜そりの歌,今夜の旋律曲,はなになるよ,花になるよ
ああ、ジングルベル、ジングルベル,ああ、ジングルベル、ジングルベル,おぉじんぐるべるじんぐるべる,おぉジングルベル、ジングルベル
ジングルのすべての方法,すべての方法でジングル,すずがなる,鈴が鳴る
ああ、どのような楽しいそれは乗るには,ああ、それがどんなに楽しいか,すずのりずむに,鈴のリズムに
馬が一頭ソリします。,1つの馬の開いたsleighで,ひかりのわがまう,光の輪が舞う
ジングルベル、ジングルベル,ジングルベル、ジングルベル,じんぐるべるじんぐるべる,ジングルベル、ジングルベル
ジングルのすべての方法,すべての方法でジングル,すずがなる,鈴が鳴る
ああ、どのような楽しいそれは乗るには,ああ、それがどんなに楽しいか,もりにはやしに,森に林に
馬が一頭ソリします。,1つの馬の開いたsleighで,ひびきながら,響きながら

いつの日か,いつか,さむでい,サムデイ
私たちが賢明,私たちが賢いとき,ぼくがいつか,僕がいつか
世界の古いとき,世界が古い時代,あいをいつか,愛をいつか
我々が学んだとき,私たちが学んだとき,しるなら,知るなら
私は祈る,私は祈ります,あいぷれい,アイ、プレイ
いつの日か我々はまだ生きる可能性があります。,いつか私たちはまだ生きるかもしれない,あなたのいたみを,あなたの痛みを
ライブし、ライブに,生きて生きる,そうぞうできる,想像できる
いつの日か,いつか,さむでい,サムデイ
人生は公平であります。,人生はより公平になる,よくぼうの,欲望の
稀になる必要があります。,必要はない,なみがきても,波が来ても
欲を支払わない。,貪欲は支払わない,ゆれないふねで,揺れない船で
神の速度,神速,どうか,どうか
この明るいミレニアム,この明るいミレニアム,みちびきたまえ,導きたまえ
その途中で,途中で,あらし,嵐
それは分かる,来てください,のない,の無い
いつの日か,いつか,せかいへ,世界へ
いつの日か,いつか,さむでい,サムデイ
私たちの戦いは、獲得されます。,私たちの戦いは勝利するでしょう,このあらそいが,この争いが
その後、太陽の下でなるよ,私たちは太陽の中に立つ,おわりつげて,終わり告げて
その明るい日の午後,その明るい午後,ひがのぼるまで,昼登るまで
それまで,それまで,あいぷれい,アイ、プレイ
太陽がなくなっている日,太陽がなくなった日に,まちつづけるよ,待ち続けるよ
をハングアップするでしょう,私たちはハングアップします,よるの,夜の
月に願い,月に願いを,つきに,月に
暗く、苦いのいくつかの日があります。,いくつかの日が暗くて苦い,ねがいかけて,願いかけて
私たちは、祈りを持っていないようです。,私たちは祈りを得ていないようです,いのりがきえそうなくらいひびつづいても,祈りが消えそうな暗い日々続いても
いつの日か良い祈りが,しかし、いつかもっと良い祈り,よあけをねがうこと,夜明けを願うこと
私たちすべてが共有する1つの事は、します。,私たち全員が共有しているものですか？,だれもがわかちあえる,誰もが分かち合える
いつの日か,いつか,さむでい,サムデイ
人生は公平であります。,人生はより公平になる,いつかあいを,いつか愛を
稀になる必要があります。,必要はない,ぼくたちが,僕達が
払っていない欲ウィル,欲望は支払わない,しるなら,知るなら
神の速度,神速,どうか,どうか
この明るいミレニアム,この明るいミレニアム,みちびきたまえ,導きたまえ
それは分かる,来てください,あらし,嵐
月に願い,月に願いを,こないうなばらへ,来ない海原へ
1日,ある日,わんでい,ワンデイ
いつの日か,いつか,さむでい,サムデイ
すぐに。,すぐに。,すーん,スーン

これらのウィンドウとこれらの欄干石の背後にある安全,これらの窓の裏側とこれらの石のパラペット,いつもひとりでいきてゆく,いつも一人で生きてゆく
私の下を人々を見つめてください。,私の下の人々を見つめて,ここでかくれてくらす,ここで隠れて暮らす
すべての私の人生ように見て私はここだけを隠す,私のすべての人生私はここで一人で隠れるので、私はそれらを見る,ましたをみつめていきてゆく,真下を見つめて生きてゆく
歴史に飢えている彼らは私を表示します。,彼らが私に示す歴史のために飢えた,ぼくはみんなをみてる,僕はみんなを見てる
すべての私の人生私は彼らの顔を覚える,私のすべての人生私は彼らの顔を覚えている,みんなはぼくをしらない,みんなは僕を知らない
彼らは決して私を知っているようにそれらを知る,彼らが私を知りませんように彼らを知っている,これからもずっとこのまま,これからもずっとこのまま
すべての私の人生は、どのように感じて、一日を渡すのだろうか,すべての私の人生私はそれが一日を過ごすためにどのように感じるのだろう,もしもこのねがいがかなうなら,もしもこの願いが叶うなら
それらは、上記,それらを超えていない,いきたいな,行きたいな
しかし、それらの一部,しかし、その一部,みんなのもと,みんなのもと
そこ,そしてそこに,ひかり,光
太陽の下でください。,太陽の下での生活,あびながら,浴びながら
私の1日を与える,私にある日をそこに与えてください,いちにちだけでも,1日だけでも
私が求めるすべてがあります。,私が尋ねるのは一つだけです,くらしたい,暮らしたい
永遠に保持するために,永遠に保持する,みんなのもとで,みんなのもとで
そこ,そこに,もし,もし
すべての彼らが知らない住んでください。,彼らがすべてどこに住んでいるのかわからない,であいがあって,出会いがあって
何を与えるだろう,私が与えるもの,だれかが,誰かが
私が敢えてください。,私が何を敢えてするか,ぼくを,僕を
1日を生きるだけ,一日そこに住むだけ,あいしてくれるなら,愛してくれるなら
ミラーズと、織工および彼らの妻の中でそこ,製粉業者と製織業者とその妻の間で,みんなはきょうもいそがしくして,みんなは今日も忙しくして
屋根と破風をそれらを見ることができます。,屋根やゲーブルを通って私はそれらを見ることができます,たのしくいきいきくらす,楽しく生き生き暮らす
Ev'ry日彼らが叫ぶ、叱るし、自分たちの生活について行く,彼らが叫んで叱って命を奪う日,なんてすばらしいいきかただ,なんて素晴らしい生き方だ
それはそれらにギフトを顧みず,彼らが贈り物に嫌われている,かがやきにあふれている,輝きに溢れている
私は自分の肌だった場合,私が彼らの肌にいたら,あぁぼくもみんなと,あぁ僕もみんなと一緒に
どんなインスタントを宝物だろう,私はev'ry瞬間を宝物と思います,いっしょにあるいて,いっしょにあるいて
そこ,そこに,みたい,みたい
セーヌ川沿いの散歩,セーヌ川の散歩,さんぽしたい,散歩したい
味は、そこにある午前,朝は味わう,てをつないで,手をつないで
普通の男性のような,普通の男性のように,セーヌのそばを,セーヌの側を
人は自由に歩き回る,誰が自由にそこを歩くのか,あさのひかりを,朝の光を
1日だけし、,ちょうど1日後,あびながら,浴びながら
コンテンツになると誓う,私は満足すると私は誓う,このねがいが,この願いが
私の共有と,私の分け前で,もしも,もしも
再送しません。,再送しません,ぼくに,僕に
ウィルは絶望します。,絶望しないだろう,ゆるされる,許される
古いものと曲げ,古いと曲がった,そのひが,その日が
気にしません。,私は気にしない,くるなら,来るなら
費やすことになります。,私は過ごしたでしょう,もうなに,もう何
1日,ある日,もいら,もいら
そこ,そこに,ない,ない

男性が親切な時があった,男性が優しい時がありました,むかしはおとこも,昔は男も
彼らの声が柔らかいとき,彼らの声が柔らかいとき,あまいことば,甘い言葉
その言葉を招待,そして彼らの言葉を誘って,ささやいたわ,囁いたわ
恋は盲目だった時があった,愛が盲目になった時があった,こいによいしれてた,恋に酔いしれてた
世界の曲だった,そして、世界は歌だった,せかいはうた,世界は歌
その歌は刺激的だった,そしてその曲はエキサイティングだった,うたにときめいた,歌にときめいた
時間があった,時間がありました,ゆめだわ,夢だわ
その後、それはすべてが間違っていた,それからすべてが間違っていた,もういまは,もう今は
過ぎ去りし日の夢,私は時間をかけて夢を夢見た,ゆめをみていたわ,夢を見ていたわ
期待された高,希望が高かった時,のぞみ,望み
生活の価値,そして生きる価値のある人生,たかくいきて,高く生きて
愛が死ぬことはない夢を見た,私は愛が決して死ぬことはないと夢見ていた,あいがすべてだと,愛が全てだと
神は寛容なる夢を見た,私は神が許すことを夢見ていた,かみはゆるしたもうと,神は許したもうと
私は若くて恐れていなかったし、,それから私は若くて恐れていた,わかくゆうきあふれ,若く勇気溢れ
作成し使用し、無駄した夢と,そして、夢が作られ、使われて無駄になった,ゆめはかがやいてた,夢は輝いてた
支払われる身代金はありませんでした。,支払われる身代金はありませんでした,じゆうにはばたき,自由に羽ばたき
歌は、試飲していないワイン,いいえ、歌なし,よろこびおいかけた,喜び追いかけた
でも虎は夜にやってくる,しかし、トラは夜に来る,ゆめはあくむに,夢は悪夢に
雷のように柔らかい声,彼らの声は雷のように柔らかく,おおかみのきばが,狼の牙が
彼らは離れてあなたの希望を引き裂くように,彼らがあなたの希望を裂くにつれて,のぞみひきさき,望み引き裂き
夢は恥へと変わる,彼らがあなたの夢を恥ずかしくするようになると,ゆめくいちぎり,夢食いちぎり
彼は私の側で夏を寝てください。,彼は私の側で夏を眠った,なつあのひときて,夏あの人来て
彼は終わりのない驚きで私の日をいっぱい,彼は私の日々を無限の不思議で満たした,よろこびにあふれた,喜びに溢れた
彼は私の幼年期彼のストライド,彼は私の幼年時代を歩きました,わたしだいたけど,私抱いたけど
しかし、秋に来たとき、彼は消えていた,しかし、秋になると彼はなくなった,あきにはもういない,秋にはもういない
まだ私は彼が私に来る夢を見る,そしてまだ私は彼が私に来る夢を見る,まちつづけてるわ,待ち続けてるわ
生きていけると長年一緒に,我々は一緒に年を生きるだろう,あのひとのかえりを,あの人の帰りを
実現できない夢があるが、,しかし、夢はあり得ない,おろかなまぼろし,愚かな幻
私たちが耐えられない嵐もあります。,そして天気が悪い嵐があります,こがらしがふきけし,木枯らしが吹き消し
私の人生になる夢を持っていた,私の人生は夢だった,ゆめみたじんせい,夢見た人生
私が生きているこの地獄とは異なる,この地獄とは違って私は生きている,いまじごくにおちて,今地獄に堕ちて
だから今は異なるそれが見えたから,それで今見たものとは違う,にどとわたしには,二度と私には
今の生活は、死亡します。,今、人生は死んだ,ゆめは,夢は
私は夢の夢。,私が夢を見た夢。,かえらない,帰らない

窓から見ているこれらのすべての日,窓から見ているすべての日々,いつもあこがれてた,いつも憧れてた
見る外側すべてのそれらの年,探している外のすべての年,ひとりとうのなかで,一人塔の中で
すべての時ことを知らなくて,そのすべての時間は知りません,そとのせかいは,外の世界は
どれだけ盲目きた,ちょうど私が盲目だったのか,どんなにすてきか,どんなに素敵か
今私はここで星明りの中で点滅してください。,今私はスターライトで点滅しています,こんやはほしぞらのした,今夜は星空の下
今私はここで突然私が参照してください。,今私は突然ここにいるよ,きりがはれたように,霧が晴れたように
ここに立っています。,ここに立って,やっと,やっと
それはすべて明らかです。,それははっきりしている,みつけた,見つけた
私はするつもりです。,私はどこにいるの？,わたしのいるばしょ,私のいる場所
最後に、私は光を見ると,そして最後に私は光を見る,かがやいている,輝いている
霧が晴れてきたようです。,そして、それは霧が上がったようなものです,みらいてらすひかり,未来照らす光
最後に、私は光を見ると,そして最後に私は光を見る,ゆめをかなえた,夢を叶えた
空は新しいようだよ,そして、それは空が新しいようなものです,とくべつなよる,特別な夜
それは暖かいと現実と明るいと,そして、それは暖かく、真実で明るいです。,せかいがまるで,世界がまるで
どういうわけか世界が変わったと,そして、世界は何とかシフトした,きのうとはちがう,昨日とは違う
すべてを一度にすべて異なるように見えます,一気にすべてが違って見える,ようやくめぐりあえた,ようやく巡り会えた
今ではあなたを参照してください。,今私はあなたに会う,だいじなひと,大事な人
これらのすべての日の白日夢を追いかけて,すべての当日は空想を追いかけて,いつもきのむくまま,いつも気の向くまま
ぼかしに住んでいるすべてのそれらの年,ぼやけて生きるすべての年,ひとりいきてきた,一人生きてきた
すべてのことは決して本当に見て時間します。,すべての時間は本当に見ることはありません,ほんとうにたいせつなことに,本当に大切なことに
やり方がいた,物事、彼らがしていた方法,せをむけ,背を向け
今は、彼女がここで星明りの中で輝いています。,今、彼女は星空の中で輝いている,こんやはぼくのそばで,今夜は僕の側で
私が知っている今、彼女はここで突然,今、彼女は突然私が知っているここにいる,きみがほほえんでる,君が微笑んでる
彼女がここの場合,彼女がここにいるなら,やっと,やっと
それはクリスタル,クリア,それははっきりしている,みつけた,見つけた
私はどこに行くんです。,私は行くつもりです,ぼくのいるばしょ,僕のいる場所
最後に、私は光を見ると,そして最後に私は光を見る,かがやいている,輝いている
霧が晴れてきたようです。,そして、それは霧が上がったようなものです,みらいてらすひかり,未来照らす光
最後に、私は光を見ると,そして最後に私は光を見る,ゆめをかなえた,夢を叶えた
空は新しいようだよ,そして、それは空が新しいようなものです,とくべつなよる,特別な夜
それは暖かいと現実と明るいと,そして、それは暖かく、真実で明るいです。,せかいがまるで,世界がまるで
どういうわけか世界が変わったと,そして、世界は何とかシフトした,きのうとはちがう,昨日とは違う
すべてを一度にすべてが違う,一気にすべてはすべて異なっている,ようやくめぐりあえた,ようやく巡り会えた
今ではあなたを参照してください。,今私はあなたに会う,だいじなひと,大事な人
今ではあなたを参照してください。,今私はあなたに会う,だいじなひと,大事な人

私は自分で,私自身で,ひとり,1人
彼は私の横にはふり,彼は私のそばにいるふりをする,でもふたりだわ,でも2人だわ
すべてに単独で,孤独に,いない,いない
朝まであの人と歩く,私は朝まで彼と歩いている,ひとにだかれて,人に抱かれて
彼なし,彼なしで,ひとり,1人
私の周りの腕を感じます。,私は彼の腕を私の周りに感じる,あさまであるく,朝まで歩く
私は目を閉じて自分の道に迷ったとき、,そして私が自分の道を失うと、私は目を閉じます,みちにまよえばみつけて,道に迷えば見つけて
彼は私を発見したと,そして彼は私を見つけた,くれるわ,くれるわ
雨の中で,雨の中,あめの,雨の
銀のように舗装輝き,舗装は銀のように輝く,ほどうはぎんいろ,舗道は銀色
すべてのライトが川の霧,すべてのライトは川の中で霧がかかっています,かわもあやしくひかる,川も怪しく光る
暗闇の中で,暗闇の中で,やみは,闇は
木が咲く,木は星空でいっぱいです,きにほしあかり,木に星明かり
私が見るすべては彼と私永遠に、永遠に、,そして私が見るのは、彼と私だけ永遠と永遠です,みえるのはどこまでもふたりだけ,見えるのはどこまでも2人だけ
私は知っています。,私は知っている,しってる,知ってる
心の中でだけです。,それは私の心の中だけです,ゆめみるだけ,夢見るだけ
私は自分に話しかけるだけ彼じゃなくて,私は自分自身ではなく彼に話している,はなしあいてはじぶんだよ,話し相手は自分だよ
とは、,そして、,あのひと,あの人
私は彼が盲目であることを知っています。,彼は盲目であることを知っている,なにもしらない,何も知らない
それでも私は言う,まだ私は言う,だけど,だけど
私たちのための方法があります。,私たちのための道があります,みちはある,道はある
私は彼が好きです,私は、彼を愛しています,あいしてる,愛してる
夜が終わるときが、,しかし、夜が終わったら,でもよあけには,でも夜明けには
彼がいなくなった,彼は行ってしまった,いない,いない
川のただの川,川はちょうど川,かわもただのかわ,川もただの川
彼なし,彼なしで,あのひと,あの人
私の周りの世界を変化します。,私の周りの世界が変わります,いないせかいは,いない世界は
木々の葉は落ち、どこ,木々はどこにでもあります,まちもきもどこも,街も木もどこも
街は見知らぬ人に満ちています。,通りは見知らぬ人でいっぱいです,たにんばかりよ,他人ばかりよ
私は彼が好きです,私は、彼を愛しています,あいしても,愛しても
毎日勉強していますが、,しかし毎日私は学んでいる,おもいしらされる,思い知らされる
すべての私の人生,私の人生のうちで,いっしょう,一生
私をだけふりをしてきた,私は偽装してきただけです,ゆめみるだけさ,夢見るだけさ
私なし,私なしで,あのひと,あの人
彼の世界は回っていく,彼の世界は変わり続けるでしょう,あたしをいらない,あたしをいらない
幸せの世界,幸せに満ちた世界,しあわせのせかいに,幸せの世界に
私は決して知っています。,私が知らなかったこと,えんなどない,縁などない
私は彼が好きです,私は、彼を愛しています,あいしてる,愛してる
私は彼が好きです,私は、彼を愛しています,あいしてる,愛してる
私は彼が好きです,私は、彼を愛しています,あいしてる,愛してる
自分でしか,しかし、私自身だけで,でもひとりさ,でも１人さ

ララララlulu,ラ・ラ・ル、ラ・ラ・ル,ららるーららるー,ララルーララルー
ああ、私の小さな星の掃除,ああ、私の小さな星のスイーパー,きらめくほしを,煌めく星を
あなたのため、スターダストを片付けよう,私はあなたのためにスターダストを掃除します,みんなあげましょう,みんなあげましょう
ララララlulu,ラ・ラ・ル、ラ・ラ・ル,ららるーららるー,ララルーララルー
少し柔らかいふわふわベッド,リトルソフトふわふわのベッド,ゆめのおくには,夢の奥には
あなたのためにピンクの雲がやってくる,ここにあなたのためのピンクの雲が来る,ばらいろのくに,ばら色の国
ララララlulu,ラ・ラ・ル、ラ・ラ・ル,ららるーららるー,ララルーララルー
小さな放浪天使,リトル・ワンダリング・エンジェル,はねをやすめて,羽を休めて
目を閉じてあなたの翼を畳む,あなたの目を閉じてあなたの翼を折りたたむ,かわいいえんじぇる,可愛いエンジェル
ララララlulu,ラ・ラ・ル、ラ・ラ・ル,ららるーららるー,ララルーララルー
愛がキーパーをする場合があります、,あなたの守護者が大好きかもしれません,そっとおやすみ,そっとお休み
ララララlulu、ララlu,ラ・ラ・ル、ラ・ラ・ル、ラ・ラ・ル,ららるーららるーららるー,ララルーララルーララルー

ああ、これは夜,ああ、これは夜です,おぉきれいな,おぉ綺麗な
それは美しい夜です。,それは美しい夜です,きれいなよる,綺麗な夜
ベラノッテというと,そして私たちはそれをベラ・ノートと呼びます,こよいはべらのって,今宵はベラノッテ
空を見てください。,空を見て,きらめく,煌めく
彼らは持っている彼らの目の星,彼らは目に星を持っている,ほしのいろも,星の色も
この美しいベラノッテ上。,この素敵なベラノートで。,やさしきべらのって,優しきベラノッテ
あなたの愛する人と並んで,あなたの愛する人と一緒に横になって、,あいするふたりが,愛する2人が
ここに魔法を見つけます。,あなたはここでエンチャントを見つけるでしょう。,かたをよせれば,肩を寄せれば
夜は魔法のおまじないを紡ぐ,夜はその魔法の呪文を織り、,ときめくおもいが,ときめく思いが
1つの愛が少ないとき,あなたが愛する人が近くにいるとき,よぞらにのぼる,夜空にのぼる
ああ、これは夜と天は正しい,ああ、これは夜です、そして、天は正しいです,おぉしずかなゆめのように,おぉ静かな夢のように
この美しいベラノッテに,この素敵なベラノートで,ほしふるべらのって,星降るベラノッテ

このようなものを見てください。,このものを見て,よくみて,よく見て
それはニートではないです。,それはきれいではありませんか？,すてきね,素敵ね
私のコレクションの完全なと思わない,私のコレクションが完成したとは思わないでしょうか？,これでもっとかんぺき,これでもっと完璧
私は女の子だと思わない,私は女の子だとは思わないでしょうか？,なんでももってる,何でも持ってる
すべての少女,すべてがある少女,わたしはすべて,私は全て
この山を見てください。,この事実を見てください,まわりじゅう,周り中
宝物莫大です,忘れられない宝物,とりかこむ,取り囲む
1洞窟を保持することができますどのように多くの驚異,1つの洞窟がどれくらいの驚異を持つことができるか,なんてたくさんのたからもの,なんて沢山の宝物
この辺見てと思う,ここを見て考えると,りくにあるもの,陸にあるもの
確かに、彼女はすべてを持っています。,確かに、彼女はすべてを持っている,ぜんぶてにいれた,全部手に入れた
私は多くのガジェットや防犯機器を持っています。,私はガジェットやギズモをたくさん持っている,なににつかうのかも,何に使うのかも
Whatzits豊富のwhozitsを持っています。,私はあいつつと豊かなものを持っている,しらないのなまえも,知らないの名前も
上記の事をします。,あなたは上記のことをしたい,ねぇこれほしい,ねぇこれ欲しい
20を持っています。,私は20を持っている,20こもあるの,20個もあるの
しかしだれが気遣う,しかし、誰が気にしますか,だけど,だけど
大したことありません,大きな問題ではない,たりない,足りない
もっとしたいです。,私がもっと欲しい,なにか,何か
私は人々がいたい,私は人々がどこにいるのかになりたい,にんげんのすむくにで,人間の住む国で
見たいです。,私は見たいです,みたいな,見たいな
それらを見たいとダンス',彼らが踊っているのを見たい,すてきなだんす,素敵なダンス
歩き回って,歩き回る,そしてあるく,そして歩く
それらを何という日,あなたが何と呼んでいるか,なんていった,何て言った
ああ足,ああ足,あぁあし,あぁ足
あなたはあまりにも遠くいけないあなたのフィンをflippin'、,あなたの指をはじき、あなたはあまりにも遠くになりません,ひれじゃとおくへいけない,ヒレじゃ遠くへ行けない
脚はジャンプに必要なダンス,足はジャンプ、ダンスに必要です,あしがいるわおどったり,足がいるわ踊ったり
下に沿って散歩,下を歩く,さんぽしたり,散歩したり
その単語をもう一度が何,その言葉は何ですか？,どこをあるくんだっけ,どこを歩くんだっけ
ストリート,通り,みち,道
開設どこで歩く,彼らが歩く場所,あるいて,歩いて
実行します。,彼らが走る場所,はしって,走って
太陽の下で一日中とどまるアップ,彼らが一日中太陽の下でどこにいるか,ひのひかりあびながら,日の光浴びながら
Wanderin'自由な願望,ワンダーリンの自由な願い,じゆうに,自由に
なれるだろう,私はできる,にんげんの,人間の
その世界の一部,その世界の一部,せかいで,世界で
何を与える場合、私はこれらの水から住むことができます。,私がこれらの海から生きることができるなら、私は何を与えるでしょうか,なんでもあげるわここをでて,何でもあげるわ此処を出て
砂の上の暖かい一日を過ごすに支払うだろうもの,私は砂の上で暖かい一日を過ごすために何を支払うだろうか？,あたたかいすなのうえでねむれたら,暖かい砂の上で眠れたら
彼らは理解の土地にBet'cha,彼らが理解できる土地にBet'cha,りくにはいないわ,陸にはいないわ
自分の娘を叱責しないでくださいに違いない,彼らは娘を叱ることはない,あんなわからずやは,あんな分からず屋は
明るい若い女性水泳の病気,明るい若い女性は水泳の病気,わたしはこどもじゃ,私は子どもじゃ
スタンドの準備完了,立つ準備ができている,ないのよ,ないのよ
人々が知っているものを知りたいです。,人々が知っていることを知る準備ができています,あぁわからないことたくさん,あぁ分からないこと沢山
それらに私の質問し、いくつかの回答を得る,私の質問に答えて答えを得てください,おしえてほしいことたくさん,教えて欲しいこと沢山
火は何です、それはなぜ単語は何,何が火なのか、なぜそれが言葉ですか？,なぜひはもえるのおしえ,なぜ火は燃えるの教え
書き込み,燃やす,て,て
それはいつ私の番,私の番はいつですか,いつのひか,いつの日か
私を愛さない,私は愛していないだろうか,りくの,陸の
上記のてこ入れを探索する大好き,上の海岸を探索するのが大好き,せかいのはてまでも,世界の果てまでも
海から,海から,いきたい,行きたい
できれば、,私ができることを望みます,にんげんの,人間の
その世界の一部,その世界の一部,せかいへ,世界へ

ウィザードに会うとき,私がウィザードに会うと,まほうのへいかに,魔法の陛下に
一度自分の価値を証明します。,一度私の価値を証明したら,あえるのなら,会えるのなら
ウィザードに会うし、,そして、私はウィザードを満たす,そのしゅんかんよ,その瞬間よ
何を待っていたので誕生以来,私は誕生以来ずっと待っていました,うまれかわる,生まれ変わる
彼のすべてのウィザードの知恵,そして彼のすべてのウィザードの知恵で,そうよわたしのみどりいろ,そうよ私の緑色
私のルックスによって彼を盲目にしません。,私の外見では、彼は盲目にされません,かれはきにしない,彼は気にしない
ウィザードは物の言えないと思いますか。,あなたはウィザードがばかだと思いますか？,もうすぐそこなの,もうすぐそこなの
または、チキン、だから狭量なような?,または、マンチカンのように、そんなに小さいのですか？,すばらしいであいは,素晴らしい出会いは
ない彼は、私に言うよ,彼は私に言うだろう、,きぼうに,希望に
私はあなたが本当に人を見る,私はあなたが本当に誰であるかを見ます,みちたせかいが,満ちた世界が
頼れる人の女の子,私が信頼できる女の子,わたしをまってる,私を待ってる
そして、それはどのように我々が開始されます。,そしてそれが私たちが始める方法です,はやくあいたい,早く会いたい
ウィザードと私,ウィザードと私,ゆめのひと,夢の人
ウィザードとわたし,一度私はウィザードと一緒にいる,まえをむいて,前を向いて
私の人生が変更されます。,私の人生は変わるだろう,すすむのよ,進むのよ
ウィザードで設定したら、原因,なぜなら、あなたはウィザードをしているから,ひかりかがやく,光り輝く
誰も奇妙にされていると考えてください。,誰もあなたが奇妙だとは思わない,あしたへと,明日へと
ない父は、あなたの誇りに,父親はあなたを誇りに思いません。,くるしみかなしみの,苦しみ悲しみの
妹の恥ずかしい行為なし,恥ずかしい,くらやみをぬけて,暗闇を抜けて
オズのすべてであなたを愛し、,オズのすべてがあなたを愛さなければならない,わたしはつかむの,私は掴むの
絶賛しているウィザードで,ウィザードによってあなたが評価されたとき,あたたかいしあわせを,あたたかい幸せを
この贈り物やこの呪い,そしてこの贈り物やこの呪い,どんなゆめも,どんな夢も
私は中にあります。,私は内部がある,いつかは,いつかは
多分最後に、私は、理由を知っているよ,おそらく最後に、なぜ私は知っているだろう,かならずかなう,必ず叶う
ときに我々は手と手,私たちが手と手のとき,じぶんのちから,自分の力
ウィザードと私,ウィザードと私,しんじるわ,信じるわ
ある日、彼は、エルファバ、私に言うよ、,そして、ある日、彼は私に、エルファバ、,かれはいうのよえるふぁば,彼は言うのよエルファバ
とても優れている女の子,とても優秀な女の子,おまえはすばらしい,お前は素晴らしい
内部はうまい少女をべきではないです。,内部がとても良い女の子ではないはずです,まほうのわざをすべて,魔法の技を全て
一致する外観を持って?,一致する外装はありますか？,おしえてあげよう,教えてあげよう
不合理な程度に人々はここから,そしてここの人々は不条理な程度に,そしてきみのねがいごとも,そして君の願いごとも
執着に見えるあなたの緑青に,あなたのverdigrisに固定されているようです,かなえてあげよう,叶えてあげよう
あなたがすべての正しいことそれ,それはあなたによって大丈夫でしょうか？,みどりいろとは,緑色とは
私はあなたをgreenifyド場合、,私があなたを脱緑化するなら,もうおわかれだ,もうお別れだ
もちろん、,そして、もちろん,ゆめみ,夢見
それは私に重要ではないです。,それは私にとって重要ではない,ごこちできくのよ,心地で聞くのよ
すべての権利は、なぜですか。私は返事します。,いいよ、どうして？私は返信します,あのことばを,あの言葉を
ああ、どのようなペアいたします,ああ、どんなペアになるの？,あしたがいま,明日が今
ウィザードと私,ウィザードと私,はじまるわ,始まるわ
はい、どのようなペアいたします,はい、私たちはどんなペアになりますか？,うまれかわる,生まれ変わる
ウィザードと,ウィザードと,わたしが,私が
無制限,無制限,できるわ,出来るわ
私の未来は限られています。,私の未来は無制限です,かならずできるわ,必ず出来るわ
ビジョンを持っていただけだと,私はただのビジョンを持っています,はてしなくひろがる,果てしなく広がる
予言のようなもの,ほとんど予言のように,このみらい,この未来
私は本当に狂った音を知っています。,私はそれが本当に狂ったように聞こえる,そうそのあしたへ,そうその明日へ
Trueの場合、ビジョンのかすんでいます。,そして、真実は、ビジョンの曇り,つばさひろげ,翼広げ
私は誓う、いつかあるだろうが、,しかし、私は誓う、いつかはそこにいるだろう,おおぞらへむかい,大空へ向かい
Ozの中でお祝い,オズのお祝い,とびたっていくの,飛び立って行くの
それはすべて私には,それは私と関係があります,そのひがきた,その日が来た
そしてウィザードでそこに立って,そして私はウィザードでそこに立つ,あぁなんてすてき,あぁ何て素敵
感じたことがない感じのこと,私が一度も感じなかったことを感じる,まほうつかいが,魔法使いが
それを示すことはないが、,私は決してそれを見せないだろうが,わたしにあいを,私に愛を
私はとても幸せ、私は溶かすことができます。,私はとても幸せになるだろう、私は溶ける,はこんでくれるわ,運んでくれるわ
されますので、,そしてそうなるでしょう,わたしには,私には
私の人生の残りのため,私の人生の残りのため,みらいがある,未来がある
何をしたいだろうし、,私は他に何もしたくない,すばらしい,素晴らしい
死ぬまで,私が死ぬまで,せかいが,世界が
そのような高い尊重で開催,そのような高い評価で開催される,あしたにむかい,明日に向かい
人々は、私を参照してください、彼らは悲鳴を上げるだろう,人々が私を見ると、彼らは叫ぶだろう,すすんでいくの,進んで行くの
Ozのお気に入りチームの半分を,オズのfav'riteチームの半分,ついにみのるわ,ついに実るわ
ウィザード,魔法使い,わたしの,私の
私,そして私,ゆめ,夢

日は決してため息をつくと日当たりの良いすることができます。,一日も一日も晴れていない,ためいきなんかようはない,ため息なんか用はない
どのようなお金が買うことができる必要はありません。,お金が買えるものは必要ありません,おかねもいらない,お金もいらない
木に鳥が歌う曲の彼らのdayful,木々の鳥たちは一日の歌を歌います,ことりはうたうこえあわせ,小鳥は歌う声合わせ
なぜ我々は歌うべきではないです。,なぜ私たちは一緒に歌うべきではない,うたえばしあわせ,歌えば幸せ
私はすべての日の元気,私はいつもチッパーです,わたしもうたう,私も歌う
私の多くの不満,私のたくさんと幸せ,しあわせだもの,幸せだもの
その方法を取得する方法,どのように私はその方法を取得するのですか？,みてよわたしが,見てよ私が
私が持っているものを見てください。,私が持っているものを見て,てにいれたもの,手に入れたもの
私はリズムを得た,私はリズムを持っています,このりずむ,このリズム
私は音楽を持ってください。,私は音楽を持っている,このみゅーじっく,このミュージック
私は男です。,私は男がいる,このこい,この恋
人はもっと何かを求めることができます。,誰がもっと何かを求めることができる,ほかにはいらない,他にはいらない
緑の牧草地でヒナギクを持っています。,私は緑の牧草地でデイジーを持っています,ぼくじょうのひなぎく,牧場の雛菊
私の男を持っています。,私は私の男を持っている,このこい,この恋
人はもっと何かを求めることができます。,誰がもっと何かを求めることができる,ほかにはいらない,他にはいらない
古い男のトラブル気にしない彼,老人トラブル私は彼に気にしない,もめごときにしない,揉め事気にしない
あなたは彼を見つけることができません'ラウンド私のドア,彼は私のドアの周りに彼を見つけることはありません,うれしさいっぱい,嬉しさいっぱい
星の光を持っています。,私はスターライトを持っている,ほしぞら,星空
甘い夢を持っています。,私は甘い夢を持っている,いいゆめ,良い夢
私の男を持っています。,私は私の男を持っている,このこい,この恋
人はもっと何かを求めることができます。,誰がもっと何かを求めることができる,ほかにはいらない,他にはいらない
人はもっと何かを求めることができます。,誰がもっと何かを求めることができる,ほかにはいらない,他にはいらない

日から私たちは地球上に到着します。,私たちが惑星に到着した日から,このちきゅうにうまれおちて,この地球に生まれ落ちて
そして、太陽に点滅し、ステップ,そして、点滅し、太陽に足を踏み入れる,かがやくひかりにであう,輝く光に出会う
今まで見ることができるよりもっとあります。,今まで見たことがない,いきるよろこびもとめてゆく,生きる喜び求めてゆく
今まで行うことができますよりもします。,これまでにできることよりも多くのことをする,このせかいをうけいれたい,この世界を受け入れたい
あまりにもここを,ここに入るのはあまりにも多い,このせかいをりかいしたい,この世界を理解したい
今まで見つけることができるよりもを見つけるため,見つけられる以上に見つけることができる,でもおおくのふしぎが,でも多くの不思議が
しかし、太陽の高圧延,しかし、太陽が高く転がる,さふぁいあいろの,サファイア色の
サファイアの空,サファイアの空を通って,そらのなかで,空の中で
無限のラウンドで大と小を保持します。,無限ラウンドで大きくて小さい,たいようはえいえんのときと,太陽は永遠の時と
それは生命の円,それは人生の輪です,せいめいをうみだす,生命を生み出す
それは私たちのすべてを移動し、,そしてそれは私たちをすべて動かす,いのちはめぐる,命は巡る
絶望と希望を,絶望と希望を通して,のぞみとあいと,望みと愛と
信仰と愛を,信仰と愛を通して,くるしみこえて,苦しみ越えて
私たちの場所を見つけるまで,私たちが場所を見つけるまで,いきてゆく,生きてゆく
巻き戻しのパスで,巻き戻しのパス,みちしるべ,道しるべ
円で,サークル内,いのちはめぐる,命は巡る
サークルオブライフ,人生の輪,ざさーくるおぶらいふ,ザサークルオブライフ
それは生命の円,それは人生の輪です,いっつざさーくるおぶらいふ,イッツザサークルオブライフ
それは私たちのすべてを移動し、,そしてそれは私たちをすべて動かす,いのちはめぐる,命は巡る
絶望と希望を,絶望と希望を通して,のぞみとあいと,望みと愛と
信仰と愛を,信仰と愛を通して,くるしみこえて,苦しみ越えて
私たちの場所を見つけるまで,私たちが場所を見つけるまで,いくてゆく,生きてゆく
巻き戻しのパスで,巻き戻しのパス,みちしるべ,道しるべ
円で,サークル内,いのちはめぐる,命は巡る
サークルオブライフ,人生の輪,ざさーくるおぶらいふ,ザサークルオブライフ

ああ、私の愛、あなたか間違っている、,ああ、私の愛、あなたは私を間違えます、,こいびとよなぜ,恋人よ何故
失礼私をキャストオフ。,私を慎重にキャストする。,わたしをおきさり,私を置き去り
私は長い間、あなたを愛しているの,わたしはあなたを非常に愛しています。,あてなきたびへと,当てなき旅へと
あなたの会社を喜ばせます。,あなたの会社で楽しんでください。,とおくはなれていった,遠く離れて行った
グリーンスリーブスは私の喜び,グリーンスリーブスはすべて私の喜びでした,ぐりーんすりーぶすみつめて,グリーンスリーブス見つめて
グリーンスリーブスは私の喜び,Greensleevesは私の喜びでした。,ぐりーんすりーぶすあいした,グリーンスリーブス愛した
グリーンスリーブスは私の金の,Greensleevesは私の金の心、,ぐりーんすりーぶすよろこびも,グリーンスリーブス喜びも
私の女性グリーンスリーブスが。,そして私の婦人は誰よりも緑がかっている。,きえないおもいぐりーんすりーぶす,消えない思いグリーンスリーブス

古い物語の時間として,時間として古い物語,すばらしい,素晴らしい
本当のことは,可能な限り真実,ものがたり,物語
辛うじて友人,ほとんどの友達,おずおずと,おずおずと
その後、誰かを曲げる,それから誰かが曲がる,ふれあうわ,触れ合うわ
予期せず,予期せず,ゆびとゆび,指と指
ほんの少しの変更,ちょっとした変更,ほんのすこし,ほんの少し
控えめに小さな,小さい,すこしずつ,少しずつ
両方はちょっと怖い,どちらも少し怖い,やさしさが,優しさが
どちらも準備,どちらも準備されていない,ひらいてく,開いてく
美女と野獣,美女と野獣,あいのとびら,愛の扉
今まで同じ,まったく同じ,しんじつは,真実は
それは驚き,これまでの驚き,ただひとつ,ただ1つ
今まで前と、ほんの限り必ず太陽が上昇します。,以前と同じように太陽が上がるのは確実だ,しあわせはかくせないだれのめにも,幸せは隠せない誰の目にも
古い物語の時間として,時間として古い物語,なつかしい,懐かしい
曲と曲の古い,曲と同じくらい古い曲,うたのように,歌のように
苦い甘い、奇妙です,甘くて奇妙な苦い人,こおりつく,凍りつく
変更することができますを見つける,あなたが変わることがわかったら,きせつさえ,季節さえ
学習は間違っていた,あなたが間違っていたことを学ぶ,かえながら,変えながら
特定の日,太陽のようなもの,ほんのすこし,ほんの少し
東で上昇,東に上昇,すこしずつ,少しずつ
古い物語の時間として,時間として古い物語,やさしさが,優しさが
韻と同じくらい古い歌,歌は韻と同じくらい古い,ひらいてく,開いてく
美女と野獣,美女と野獣,あいのとびら,愛の扉
古い物語の時間として,時間として古い物語,やさしさが,優しさが
韻と同じくらい古い歌,歌は韻と同じくらい古い,ひらいてく,開いてく
美女と野獣,美女と野獣,あいのとびら,愛のとびら